"age","gender","interest","Impressions","Clicks","Spent","Total_Conversion","Approved_Conversion"
3034,2,4,7350,1,1.429999948,2,1
3034,2,5,17861,2,1.820000023,2,0
3034,2,8,693,0,0,1,0
3034,2,16,4259,1,1.25,1,0
3034,2,16,4133,1,1.289999962,1,1
3034,2,17,1915,0,0,1,1
3034,2,4,15615,3,4.769999981,1,0
3034,2,5,10951,1,1.269999981,1,1
3034,2,15,2355,1,1.5,1,0
3034,2,16,9502,3,3.159999967,1,0
3034,2,19,1224,0,0,1,0
3034,2,2,735,0,0,1,0
3034,2,5,5117,0,0,1,0
3034,2,5,5120,0,0,1,0
3034,2,8,14669,7,10.28000021,1,1
3034,2,16,1241,0,0,1,1
3034,2,18,2305,1,0.569999993,1,0
3034,2,19,1024,0,0,1,1
3539,2,4,4627,1,1.690000057,1,0
3539,2,5,21026,4,4.630000114,2,1
3539,2,4,1422,0,0,1,1
3539,2,4,7132,2,2.609999895,1,0
3539,2,5,12190,2,3.049999952,1,0
3539,2,5,12193,2,3.059999943,1,1
3539,2,5,3332,0,0,1,1
3539,2,2,559,0,0,1,0
3539,2,17,7440,2,2.980000019,1,1
4044,2,5,19113,4,5.5200001,1,0
4044,2,5,10976,2,1.690000057,1,1
4044,2,5,2861,0,0,1,0
4044,2,4,1398,0,0,1,1
4044,2,5,23817,7,8.470000148,1,1
4549,2,5,47224,12,15.82000017,1,0
4549,2,12,2283,1,1.470000029,1,0
4549,2,9,2182,1,1.529999971,1,1
3034,1,5,2654,0,0,1,1
3034,1,5,57665,14,18.06999969,1,1
3034,1,20,3091,1,1.610000014,1,1
3034,1,4,5014,1,1.190000057,1,0
3034,1,5,38726,7,9.220000267,1,0
3034,1,6,1473,0,0,1,0
3034,1,15,1186,0,0,1,0
3034,1,4,5369,1,1.50999999,1,0
3034,1,17,22221,7,9.430000067,1,1
3034,1,22,1185,0,0,1,0
3034,1,24,13019,5,6.960000038,1,0
3539,1,13,2508,1,1.220000029,1,0
3539,1,15,5864,2,2.799999952,1,1
3539,1,8,2783,1,1.600000024,1,0
4044,1,4,3812,1,1.129999995,2,1
4549,1,3,11199,4,5.730000019,1,1
4549,1,7,292,0,0,1,0
4549,1,22,17572,7,9.379999995,1,0
4549,1,3,1448,0,0,1,1
3034,2,3,1772,0,0,1,1
3034,2,3,13329,4,5.629999995,1,1
3034,2,4,13659,3,3.840000033,1,0
3034,2,9,739,0,0,1,1
3034,2,13,605,0,0,1,0
3034,2,14,1030,0,0,1,0
3034,2,17,5374,1,1.039999962,4,0
3034,2,21,790,0,0,1,1
3034,2,21,962,0,0,1,0
3539,2,3,4423,1,1.460000038,1,1
3539,2,5,12382,2,2.839999914,1,1
3539,2,8,2938,1,1.350000024,1,1
3539,2,11,239,0,0,1,0
3539,2,14,591,0,0,1,0
3539,2,15,10332,4,5.75,1,0
3539,2,16,8259,3,3.980000019,1,0
3539,2,17,12158,3,4.449999928,1,0
4044,2,17,7709,2,1.320000052,2,0
4044,2,21,834,0,0,1,0
4549,2,6,1299,0,0,2,0
4549,2,7,371,0,0,1,0
4549,2,17,10466,3,4.090000033,1,0
4549,2,19,839,0,0,1,0
3034,1,3,5576,1,1.529999971,1,1
3034,1,5,4010,0,0,1,0
3034,1,5,39337,7,10.03000009,1,1
3034,1,6,1635,0,0,1,0
3034,1,6,1631,0,0,1,0
3034,1,14,13479,3,4.25,1,0
3034,1,15,57022,13,20.29000032,3,1
3034,1,15,5453,1,1.389999986,1,1
3034,1,17,11803,3,4.440000057,1,0
3034,1,19,4259,1,1.570000052,1,1
3034,1,23,1554,0,0,1,0
3034,1,23,5323,1,1.289999962,1,1
3539,1,3,5024,1,1.409999967,1,1
3539,1,5,104648,24,33.33000004,4,1
3539,1,10,8504,3,3.340000093,1,1
3539,1,15,20277,6,8.050000072,1,0
3539,1,17,12403,4,5.210000038,1,1
3539,1,20,498,0,0,1,1
3539,1,21,652,0,0,0,0
3539,1,22,1357,0,0,1,1
3539,1,23,1393,0,0,1,0
4044,1,2,648,0,0,1,0
4044,1,9,708,0,0,1,1
4044,1,14,6907,2,2.349999964,1,0
4044,1,15,39035,13,19.32999957,1,0
4044,1,16,926,0,0,1,0
4044,1,22,4412,1,1.450000048,1,0
4044,1,23,9965,3,4.050000072,1,0
4549,1,3,73634,23,32.97999978,1,0
4549,1,4,69708,20,31.28999949,1,0
4549,1,7,530,0,0,1,0
4549,1,8,14257,6,8.789999962,1,0
4549,1,15,20362,5,9.119999886,1,1
4549,1,15,12215,4,6.26000011,1,0
4549,1,17,85412,28,38.63999999,2,1
3034,2,1,2338,1,0.239999995,1,0
3034,2,4,2522,0,0,1,0
3034,2,5,3587,0,0,1,0
3034,2,15,1273,0,0,1,0
3034,2,16,3891,1,1.090000033,1,0
3034,2,17,1888,0,0,1,0
3034,2,17,1895,0,0,1,0
3539,2,2,715,0,0,1,0
3539,2,5,11199,2,2.680000067,1,0
3539,2,22,5676,2,3.00999999,1,0
4044,2,3,1415,0,0,1,0
4044,2,18,2148,1,1.580000043,1,1
4549,2,5,45401,10,14.06000042,1,0
4549,2,6,7478,2,2.900000095,1,1
4549,2,6,4919,1,1.590000033,1,0
4549,2,8,533,0,0,1,1
4549,2,17,1447,0,0,1,1
3034,1,5,17553,3,4.590000153,1,0
3034,1,8,3343,1,0.540000021,1,0
3034,1,11,523,0,0,1,0
3034,1,14,1873,0,0,1,0
3034,1,15,34740,7,13.41000009,1,1
3034,1,20,658,0,0,1,0
3034,1,23,1539,0,0,1,0
3539,1,19,3010,1,0.860000014,1,1
4044,1,3,27081,9,10.77000046,1,1
4044,1,5,20233,4,5.590000153,3,0
4044,1,5,147159,36,58.16000044,3,1
4044,1,6,21664,7,10.61999977,1,1
4044,1,7,9112,4,5.460000038,1,1
4044,1,9,542,0,0,1,0
4044,1,18,402,0,0,1,1
4044,1,23,1338,0,0,1,0
4549,1,3,46150,15,20.17999983,1,1
4549,1,5,493821,116,176.3799977,4,1
4549,1,5,92011,27,34.39000046,2,1
4549,1,6,12956,4,5.49000001,1,1
4549,1,7,529,0,0,1,0
4549,1,12,944,1,1.419999957,1,0
4549,1,14,111090,38,51.97000027,5,1
3034,2,3,7208,2,3.190000057,1,0
3034,2,3,1746,0,0,1,0
3034,2,4,2474,0,0,2,1
3034,2,5,12489,2,1.960000038,1,0
3034,2,5,8032,1,0.600000024,2,0
3034,2,9,472,0,0,1,1
3034,2,23,792,0,0,1,1
3539,2,4,4607,1,1.149999976,1,1
3539,2,5,13355,2,3.180000067,1,1
3539,2,5,2936,0,0,1,0
3539,2,10,2793,1,0.980000019,1,1
3539,2,16,1032,0,0,1,0
3539,2,17,1662,0,0,1,1
4044,2,1,4016,2,1.480000049,1,1
4044,2,5,14843,3,2.939999938,1,1
4549,2,3,9674,3,4.600000024,1,1
4549,2,5,12186,2,2.669999957,1,0
4549,2,8,673,0,0,1,0
4549,2,9,370,0,0,1,1
4549,2,14,450,0,0,1,1
3034,1,3,2077,0,0,1,1
3034,1,3,31393,8,10.96000051,1,1
3034,1,4,8410,2,2.359999895,1,1
3034,1,5,25884,5,7.350000143,1,0
3034,1,9,608,0,0,1,1
3034,1,10,28488,10,9.340000033,1,0
3034,1,14,10126,3,4.619999886,1,0
3034,1,15,22572,5,8.5,1,0
3034,1,15,1955,0,0,1,1
3034,1,18,493,0,0,1,0
3034,1,22,1491,0,0,1,1
3034,1,23,1495,0,0,1,1
3539,1,9,512,0,0,0,0
3539,1,13,4868,2,2.420000076,1,0
3539,1,14,6585,2,2.950000048,1,0
3539,1,15,10164,2,3.720000029,1,1
3539,1,17,11182,4,4.449999809,1,0
3539,1,22,1238,0,0,1,0
4044,1,5,34127,8,13.07000017,1,0
4044,1,5,29466,7,10.84999967,2,0
4044,1,5,38759,9,10.84999967,1,0
4044,1,5,41720,10,12.06000006,1,1
4549,1,4,18602,5,8.860000134,1,0
4549,1,5,83929,21,27.72999954,4,1
4549,1,5,25194,6,7.349999905,1,0
4549,1,5,78627,19,26.53000045,1,0
4549,1,5,102695,25,39.42999983,3,0
4549,1,15,82827,24,47.93000031,3,0
4549,1,15,9240,3,6.039999962,1,0
4549,1,17,7706,2,2.369999886,1,0
4549,1,19,7821,4,6.340000153,1,1
4549,1,23,1363,0,0,1,1
4549,1,4,3569,0,0,1,1
4549,1,5,119063,34,53.21999949,1,0
4549,1,5,99078,23,35.79999948,2,0
4549,1,5,452398,114,180.2200012,1,0
4549,1,3,191223,48,76.41000056,1,0
4549,1,3,22216,6,9.549999952,1,0
4549,1,3,48291,11,18.01999998,1,0
4044,1,22,27559,8,13.37,1,0
4549,1,13,10194,4,4.590000033,2,1
4549,1,11,1168,0,0,1,1
4549,1,9,40126,16,25.86000001,1,0
4549,1,7,3659,1,0.49000001,1,1
3034,2,3,3200,0,0,1,0
4549,1,17,7550,1,1.679999948,1,1
4549,1,16,45397,15,25.41999936,1,1
3034,2,5,23086,2,3.310000062,1,1
3034,2,5,16425,1,1.549999952,1,0
3034,2,5,43756,5,5.439999938,0,0
3034,2,5,9982,0,0,1,0
4549,1,14,175389,55,81.60999787,1,0
3034,2,4,7015,0,0,1,0
4549,1,24,12706,3,4.98999989,1,1
4549,1,24,70702,20,31.7099998,1,0
4549,1,22,63927,16,25.52000046,2,0
4549,1,22,15105,3,4.25999999,1,0
3034,1,4,8774,1,1.830000043,1,0
3034,1,5,14459,1,1.389999986,1,0
3034,1,5,21596,2,2.809999943,1,0
3034,1,5,66765,8,11.04999971,1,0
3034,1,2,1369,0,0,1,1
3034,1,3,26910,5,7.229999781,1,0
3034,1,1,506,0,0,1,0
4549,2,22,11988,3,4.269999862,1,0
4549,2,23,19353,6,9.4799999,1,1
4044,2,17,10960,2,2.890000105,1,0
3034,2,4,33491,6,10.56999969,2,1
3034,2,4,20083,2,3.200000048,2,1
3034,2,5,8817,0,0,1,1
3034,2,5,15466,1,0.970000029,1,0
3034,2,5,27072,3,4.370000005,1,0
3034,2,5,15753,1,0.569999993,1,1
4044,2,7,3523,1,1.809999943,1,1
4044,2,5,7745,0,0,1,0
4044,2,5,18709,2,3.319999933,1,0
4044,2,5,8022,0,0,2,1
3034,2,3,7966,1,1.179999948,1,1
3034,2,3,4132,0,0,1,1
3034,2,3,12785,3,4.730000019,2,1
3034,2,3,8213,1,1.379999995,1,1
3034,2,1,545,0,0,1,1
4044,2,11,2479,1,1.25999999,1,0
4044,2,1,3812,2,3.049999952,1,0
4549,2,9,1609,0,0,1,0
4549,2,8,10257,3,3.579999924,1,1
4044,2,3,12356,4,6.279999971,1,0
4549,2,6,7410,1,1.210000038,1,0
4549,2,5,140098,28,46.63000011,1,0
4549,2,5,107021,20,34.44000012,1,0
3539,2,21,2797,1,1.289999962,1,0
4549,2,2,16461,6,9.21999979,1,0
4044,2,22,17488,5,7.719999909,1,0
3539,2,3,9750,2,1.5,1,1
4549,2,21,1136,0,0,1,1
4549,2,22,4333,1,0.180000007,1,1
3539,2,5,6260,0,0,1,0
3539,2,5,6359,0,0,1,0
3034,2,22,2383,0,0,1,1
4044,2,15,11292,3,5.389999866,1,1
3034,2,23,12729,4,5.779999852,1,0
3034,2,23,1898,0,0,1,1
3034,2,23,1882,0,0,1,1
3034,2,24,2883,1,0.99000001,1,1
3034,1,2,3989,1,1.279999971,1,0
4044,2,17,19603,4,5.279999971,1,1
4044,2,12,3047,1,1.379999995,1,0
3539,2,12,3029,1,1.049999952,1,1
4549,2,14,3490,1,1.340000033,1,1
4549,2,16,2479,0,0,1,0
4044,2,7,19581,7,10.42999983,2,0
4549,2,17,19537,5,6.099999905,1,0
4549,2,5,59433,12,19.65999949,3,0
4549,2,5,157534,33,56.19000077,2,0
4044,2,2,1781,0,0,1,1
4044,2,5,23769,4,6.029999852,1,0
4044,2,5,7101,0,0,1,0
3539,2,23,4726,1,1.830000043,1,1
3034,2,7,5209,1,0.959999979,2,0
3034,2,6,13473,3,2.619999945,3,0
4044,2,1,500,0,0,1,1
3034,2,8,4616,1,1.360000014,1,0
3034,2,19,3279,0,0,1,0
3034,2,19,3288,0,0,1,0
3539,2,15,14615,4,6.050000191,1,0
3034,2,15,56615,12,19.88000035,2,0
3034,2,14,11735,3,4.529999971,1,1
3034,2,14,15910,5,6.779999852,1,0
3539,2,17,11446,2,3.090000033,1,1
3539,2,17,4595,0,0,1,0
3034,2,17,4871,0,0,1,0
3539,2,16,3199,0,0,1,0
3034,2,16,9388,2,3.140000105,1,0
3034,2,16,17954,6,7.5400002,2,1
4044,1,17,2755,0,0,1,0
4044,1,15,8152,1,0.99000001,1,0
4044,1,15,74542,19,34.1500001,1,0
4044,1,8,6699,2,3.090000033,1,0
4044,1,8,11911,4,3.959999919,1,0
4044,2,17,10090,2,2.650000095,1,1
3034,2,20,1273,0,0,1,1
4044,1,6,24188,5,8.179999828,1,0
3034,2,19,2214,0,0,1,0
4044,2,20,9735,4,4.130000114,1,1
3034,2,18,1371,0,0,1,1
4044,1,10,10750,4,5.389999866,1,0
3034,2,17,7629,1,0.720000029,1,1
3034,2,17,4608,0,0,1,0
3539,2,17,3732,0,0,1,0
3034,2,16,7453,1,1.679999948,1,1
3539,1,23,41785,14,19.10000038,1,0
3539,2,15,8077,2,3.579999924,1,1
3539,1,22,5602,1,1.580000043,1,0
3034,2,14,6184,2,2.75,1,1
3034,2,14,1738,0,0,1,0
3539,1,15,112460,25,41.29000068,1,0
4044,2,4,4414,0,0,1,0
3539,1,18,14670,7,9.410000324,1,0
3034,1,23,33144,9,13.40999985,1,0
4549,2,23,4397,1,0.949999988,1,0
4549,2,24,1006,0,0,1,0
3539,1,3,89527,24,32.28999996,1,0
3539,1,4,2459,0,0,1,0
3539,1,4,7116,2,1.730000019,1,1
3034,1,4,8613,1,0.889999986,2,0
3539,1,5,9730,1,1.379999995,1,0
3034,1,5,51816,8,10.2299999,2,1
3034,1,5,27289,3,4.429999828,1,0
3034,1,17,20409,4,3.829999924,1,0
3034,1,17,8044,1,1.110000014,1,0
3034,1,16,15645,4,5.349999905,1,0
3034,1,19,2466,0,0,2,1
4549,2,3,11611,3,3.950000048,1,1
4549,2,2,9375,3,4.019999981,1,0
3034,1,20,4402,1,1.330000043,1,1
3034,1,6,8469,2,3.089999914,1,0
3034,1,6,5823,1,1.419999957,1,1
3539,2,3,2549,0,0,1,0
3539,2,5,25817,4,6.019999981,1,0
3034,1,8,1961,0,0,1,0
3034,1,10,2554,0,0,1,0
3034,1,13,4971,1,1.230000019,1,1
3539,1,11,1030,0,0,1,1
4549,1,17,162341,56,77.07999969,3,0
4549,1,17,24542,7,9.329999924,1,0
3034,1,24,2879,0,0,1,1
3034,1,23,13621,3,4.090000033,1,0
3034,1,22,6175,1,1.370000005,2,1
3034,1,16,2963,0,0,1,0
3034,1,17,9076,1,1.379999995,1,1
3034,1,17,20941,4,5.909999967,1,1
4549,1,3,3462,0,0,1,0
3034,1,14,4073,0,0,1,1
3034,1,15,3745,0,0,1,0
3034,1,12,830,0,0,1,0
4549,1,6,2912,0,0,1,0
4549,1,6,17167,5,6.910000086,1,0
3034,1,10,24491,7,9.539999962,1,0
3034,1,10,44699,13,17.30000037,2,0
3034,1,11,6469,2,1.309999943,1,0
4549,1,5,16053,3,4.079999924,1,1
4549,1,5,54724,12,17.92999995,1,1
3034,1,9,4706,1,1.220000029,1,0
4044,1,20,8316,3,4.569999933,1,1
4044,1,10,5794,2,2.269999981,1,0
4044,1,6,4813,1,1.029999971,1,0
4044,1,3,85285,26,36.13000035,1,0
4044,1,3,5839,1,1.370000005,1,0
4044,1,4,5859,1,1.539999962,1,0
4044,1,5,164118,41,59.06999993,1,0
3539,1,22,18234,6,7.810000062,1,0
3539,1,23,2755,0,0,1,0
3539,1,15,73676,20,28.5,1,0
3539,1,15,18421,7,10.07999992,1,0
3539,1,17,164754,49,67.97999978,2,1
3539,1,3,7449,1,1.639999986,1,1
3539,1,3,6424,1,0.529999971,1,0
3034,2,22,2086,0,0,1,0
3539,2,5,6016,0,0,1,0
3539,2,4,6412,1,1.370000005,1,0
3034,1,22,5040,1,1.440000057,1,0
3034,1,20,1772,0,0,1,0
3034,1,20,1783,0,0,1,0
3539,2,8,8200,3,3.919999957,1,0
4549,1,14,115896,38,49.44000006,1,0
3539,1,5,10186,1,1.230000019,1,1
3034,2,8,9134,3,4.180000067,2,0
3034,2,8,3385,1,1.440000057,1,1
4549,1,9,1314,0,0,1,0
3034,2,6,2916,0,0,1,1
3034,2,6,6142,1,1.330000043,1,0
3034,1,8,1984,0,0,1,0
3034,2,12,9142,3,3.749999881,1,0
3034,2,12,5475,2,2.730000019,1,1
3034,1,6,8254,2,2.320000052,1,1
3034,1,6,5704,1,1.320000052,1,0
3034,1,5,7301,0,0,1,0
3034,1,5,37873,5,6.169999957,1,1
3034,1,5,25267,4,4.940000057,2,1
3034,1,18,535,0,0,1,0
3034,2,17,3396,0,0,1,0
3034,2,14,977,0,0,1,0
4044,1,22,12318,5,6.340000153,1,1
3034,1,16,4783,1,0.860000014,1,0
3034,1,17,6475,1,1.350000024,1,0
4549,1,5,104578,29,39.25000095,1,1
4549,1,3,33664,11,12.51000035,1,0
4044,1,8,979,0,0,1,0
4044,1,16,7337,3,4.079999924,1,0
3034,2,3,2499,0,0,1,0
4044,1,15,11244,3,4.550000191,1,0
3034,2,4,4827,0,0,1,0
3539,1,17,29035,7,8.910000086,2,1
3539,1,18,761,0,0,1,0
3539,1,14,6532,1,1.610000014,1,0
4044,1,3,11537,3,4.300000191,1,0
4044,1,3,12183,3,2.869999945,1,0
3539,1,23,5912,1,1.559999943,1,1
3034,2,3,4012,1,1.570000052,1,0
3034,2,5,12396,2,3.210000038,2,1
3034,2,5,3142,0,0,2,1
3034,2,6,1120,0,0,1,0
3034,2,8,343,0,0,1,1
3034,2,4,1720,0,0,1,1
3034,2,5,3423,0,0,1,1
3034,2,5,3242,0,0,1,0
3034,2,5,15720,1,1.379999995,1,0
3034,2,3,1217,0,0,1,1
4044,2,8,2367,2,2.839999914,1,1
3539,2,5,6607,1,1.320000052,2,0
3034,2,23,616,0,0,1,0
4549,2,5,5537,1,1.519999981,1,0
4549,2,4,818,0,0,1,0
4549,2,9,1909,1,0.980000019,1,0
3034,2,9,351,0,0,1,0
4549,2,10,572,0,0,1,0
4044,2,21,1884,1,1.409999967,1,0
3034,2,18,219,0,0,1,0
3034,2,20,540,0,0,1,1
3034,2,20,550,0,0,1,0
3034,2,14,465,0,0,1,0
3034,2,17,1761,0,0,1,1
3034,2,24,152,0,0,1,1
3034,2,24,152,0,0,1,1
3034,2,23,429,0,0,1,0
3034,2,17,1514,0,0,2,1
3034,2,16,7780,3,4.329999924,2,1
3539,2,16,460,0,0,1,0
3539,2,16,471,0,0,1,0
3539,2,16,2633,1,1.070000052,1,0
3034,2,15,199,0,0,1,0
3539,2,20,398,0,0,1,0
3034,2,12,246,0,0,2,1
4044,2,3,2967,1,1.5,1,1
4549,2,21,255,0,0,1,0
3034,1,2,457,0,0,1,1
3034,1,3,5517,1,1.230000019,1,0
3034,1,3,1539,0,0,1,1
3034,1,5,3189,0,0,1,0
3034,1,5,3348,0,0,1,0
3034,1,5,20050,4,4.659999847,4,1
4549,2,5,2254,0,0,1,0
4549,2,5,5894,1,1.539999962,1,1
3539,2,5,9948,2,2.720000029,2,0
4549,1,14,5307,3,4.289999962,2,1
3539,1,10,4621,2,3.25,1,1
3539,1,6,784,0,0,1,1
3539,1,5,5775,1,1.580000043,1,1
3539,1,5,9297,2,2.619999886,2,1
3539,1,4,699,0,0,1,0
3539,1,3,1104,0,0,1,0
3034,1,23,3717,1,1.539999962,1,0
3034,1,16,2879,1,1.590000033,2,1
3034,1,16,2749,1,1.389999986,1,0
4549,1,3,24028,9,12.39000034,2,0
3034,1,17,1118,0,0,1,1
3034,1,14,1083,0,0,2,1
3034,1,15,843,0,0,1,0
3034,1,13,2983,1,0.970000029,1,0
3034,1,13,696,0,0,1,0
4549,1,5,7589,2,3.150000095,1,1
4549,1,5,20997,10,11.94999981,1,0
4549,1,5,4617,1,1.360000014,1,0
4549,1,8,259,0,0,1,0
3034,1,6,1134,0,0,1,0
4044,1,15,357,0,0,1,0
4044,1,3,848,0,0,1,1
4044,1,3,3149,1,1.480000019,1,0
4044,1,1,87,0,0,1,1
3539,1,15,2563,1,1.480000019,1,0
3539,1,3,1107,0,0,1,0
4549,1,23,10677,5,7.269999981,1,0
3539,1,10,2189,1,0.409999996,1,0
4549,1,15,3277,2,2.680000067,1,0
4549,1,14,781,0,0,1,0
3539,1,5,2226,0,0,1,0
3539,1,5,16274,4,6.079999924,2,0
4549,1,8,2077,1,1.50999999,1,1
3034,1,8,529,0,0,0,0
3034,1,8,487,0,0,1,0
3034,1,8,4626,2,2.099999905,2,0
3034,1,16,2764,1,1.559999943,1,1
4549,1,3,5447,2,2.960000038,1,0
4044,1,5,28169,8,12.36999989,1,1
4044,1,15,415,0,0,1,0
3539,1,17,810,0,0,1,1
3034,2,3,1194718,141,254.049996,28,1
3034,2,3,637648,67,122.4,13,1
3034,2,3,24362,0,0,1,1
3034,2,3,459690,50,86.33000112,5,1
3034,2,3,750060,86,161.9099991,11,1
3034,2,4,30068,1,1.820000052,1,0
3034,2,4,1267550,123,236.7699986,24,1
3034,2,4,3052003,340,639.9499981,60,1
3034,2,4,29945,1,1.590000033,2,1
3034,2,4,357856,30,52.97000015,7,1
3034,2,5,2080666,202,360.1500015,40,1
3034,2,5,145999,9,16.5200001,5,1
3034,2,5,32616,1,1.539999962,2,0
3034,2,5,984521,95,163.8999972,26,1
3034,2,6,880814,123,210.3600006,6,1
3034,2,6,182452,20,35.73000026,4,1
3034,2,6,894911,120,215.8399994,7,1
3034,2,6,31349,2,3.800000072,1,0
3034,2,7,410310,55,96.80000055,3,0
3034,2,7,572450,89,157.329998,7,1
3034,2,7,98759,15,26.56999946,1,1
3034,2,7,345371,54,93.08999991,7,1
3034,2,8,323899,46,78.9200002,5,1
3034,2,8,399199,58,103.1500002,3,0
3034,2,8,171202,22,36.53000021,3,1
3034,2,8,128386,15,28.85000002,2,1
3034,2,8,1034284,152,257.7099986,20,1
3034,2,8,45923,5,7.220000148,2,0
3034,2,9,40873,4,7.899999976,2,1
3034,2,9,286553,34,62.06000042,2,1
3034,2,9,20618,1,2.099999905,2,1
3034,2,9,83591,7,14.14000046,2,1
3034,2,9,114923,12,23.73000026,4,1
3034,2,10,25002,1,1.710000038,1,0
3034,2,10,68905,5,9.440000057,1,0
3034,2,10,169588,16,27.79999924,1,0
3034,2,10,328991,35,67.65000057,5,1
3034,2,11,23198,2,2.980000019,1,0
3034,2,11,26890,2,3.24000001,1,0
3034,2,11,221695,31,52.26000011,5,1
3034,2,12,88443,7,13.0400002,1,1
3034,2,12,187856,23,38.38999975,5,1
3034,2,13,570699,80,138.7699997,9,1
3034,2,13,1063508,145,260.3800013,23,1
3034,2,13,50523,6,8.549999952,1,0
3034,2,14,87935,9,15.63000023,1,0
3034,2,14,278225,33,60.19999957,3,0
3034,2,14,209461,20,34.19000006,1,0
3034,2,14,26316,2,3.24000001,3,0
3034,2,15,41030,3,5.140000105,2,1
3034,2,15,876671,120,216.5599982,22,1
3034,2,15,399392,53,93.07000041,5,0
3034,2,15,283858,30,56.05999923,1,0
3034,2,15,260699,31,54.09999871,5,1
3034,2,16,57781,5,7.800000072,2,1
3034,2,16,38757,3,5.220000029,1,0
3034,2,16,1392288,206,358.5500029,31,1
3034,2,16,1109387,159,280.9899995,13,1
3034,2,17,581281,65,115.1200008,10,1
3034,2,17,1048861,128,219.770002,22,1
3034,2,17,297452,30,52.01999986,4,1
3034,2,17,227925,22,35.30999994,22,1
3034,2,17,374175,38,63.32000101,8,1
3034,2,18,223586,32,54.24000037,1,0
3034,2,18,283170,39,65.22999996,2,1
3034,2,18,41636,3,4.210000038,1,0
3034,2,18,198658,30,48.60999978,8,1
3034,2,19,100596,10,13.91999972,4,1
3034,2,19,64020,5,11.0599997,1,0
3034,2,19,14289,0,0,1,0
3034,2,20,404866,43,87.42000079,4,0
3034,2,20,22256,1,1.659999967,1,1
3034,2,20,57690,4,6.74000001,1,0
3034,2,21,24952,5,8.220000267,3,1
3034,2,21,38900,3,5.580000043,1,0
3034,2,21,53520,6,9.2299999,1,1
3034,2,21,181683,20,34.22999972,2,1
3034,2,21,29185,2,3.149999976,1,0
3034,2,21,105047,13,20.2099994,3,1
3034,2,22,287976,31,59.43999982,3,1
3034,2,22,212175,22,38.58999968,2,1
3034,2,22,11139,0,0,1,1
3034,2,22,124005,11,21.84999979,4,1
3034,2,22,20423,1,1.960000038,1,0
3034,2,23,103001,14,22.32000005,1,0
3034,2,23,447420,66,110.2399991,7,1
3034,2,23,156101,19,29.75000048,2,1
3034,2,23,93015,12,18.47000015,1,0
3034,2,24,145398,23,36.24000025,1,0
3034,2,24,296413,50,76.43999958,3,1
3034,2,1,9370,0,0,1,1
3034,2,1,63785,7,11.80000019,6,1
3034,2,1,118522,14,26.81999981,2,1
3034,2,1,240123,38,65.67000115,5,1
3034,2,2,169108,20,32.24000025,2,1
3034,2,2,1044442,142,245.5999999,22,1
3034,2,2,93891,11,17.6400001,5,1
3034,2,2,185823,25,38.54999936,4,1
3034,2,25,175631,23,40.75999951,1,0
3034,2,25,37187,4,6.370000005,1,0
3034,2,25,10991,0,0,1,0
3034,2,25,344618,51,89.76000047,3,1
3539,2,3,98066,9,16.1500001,1,0
3539,2,3,770749,100,189.1299984,13,1
3539,2,3,52553,5,8.529999852,1,0
3539,2,3,362296,39,67.77000129,7,1
3539,2,3,427729,50,96.8999989,4,1
3539,2,4,180351,21,37.13000011,1,1
3539,2,4,187329,29,53.15999961,2,1
3539,2,4,782894,118,192.9299995,5,1
3539,2,5,1206533,128,236.1199988,17,1
3539,2,5,84494,7,12.57000017,2,0
3539,2,5,94257,7,12.5800004,1,1
3539,2,6,131060,16,28.04999959,2,1
3539,2,6,341603,50,83.48000121,4,1
3539,2,6,140749,19,30.4799999,1,1
3539,2,6,102525,13,20.29999983,2,1
3539,2,7,447952,68,131.5799983,8,1
3539,2,7,76355,9,14.62999988,2,0
3539,2,8,256598,38,64.46999931,6,1
3539,2,8,127476,21,30.15000057,3,1
3539,2,8,237603,37,62.25000024,5,1
3539,2,9,271091,42,78.03999984,3,1
3539,2,9,21743,2,3.400000095,1,0
3539,2,10,88970,10,14.8300004,2,0
3539,2,10,108362,13,22.42999983,1,1
3539,2,10,188596,27,44.14000034,3,0
3539,2,10,275080,43,69.65999997,4,1
3539,2,11,64647,10,16.26999998,1,0
3539,2,11,31265,4,5.789999902,1,0
3539,2,11,140147,24,42.08000016,2,0
3539,2,11,223120,40,67.66999984,1,0
3539,2,11,104869,18,34.07000089,1,0
3539,2,12,165177,23,41.71999967,4,1
3539,2,12,84194,11,19.56999981,1,0
3539,2,12,220581,31,57.37,1,1
3539,2,13,75804,10,17.36999965,2,1
3539,2,13,368986,59,100.289999,0,0
3539,2,13,28194,3,3.709999919,2,0
3539,2,14,99961,14,23.2099998,1,0
3539,2,14,7573,0,0,1,0
3539,2,15,685781,103,177.8899992,10,1
3539,2,15,274222,43,66.7700001,2,1
3539,2,15,110503,25,32.67999995,4,0
3539,2,16,1447755,233,420.5799983,11,1
3539,2,16,358987,52,87.55000067,1,0
3539,2,16,826205,125,232.3700008,5,1
3539,2,16,550954,84,150.1400012,3,0
3539,2,16,378350,55,96.48000073,4,0
3539,2,17,492784,56,95.5100013,7,1
3539,2,17,327158,43,72.3100003,6,1
3539,2,17,9921,0,0,1,0
3539,2,17,59390,5,9.209999919,5,1
3539,2,17,1040330,147,254.2500038,13,1
3539,2,18,49422,6,11.17000031,1,0
3539,2,18,131091,18,34.23000026,3,1
3539,2,18,95691,15,25.26000011,1,1
3539,2,19,15513,1,1.289999962,1,0
3539,2,20,382537,63,113.9900012,4,1
3539,2,20,461356,64,121.0999982,6,1
3539,2,20,392541,53,98.70000017,3,1
3539,2,21,35088,5,8.800000072,1,1
3539,2,21,53933,6,9.929999948,3,1
3539,2,22,228861,33,53.38999939,4,1
3539,2,22,20959,2,3.769999981,1,1
3539,2,23,24992,2,3.190000057,1,0
3539,2,23,100351,15,24.17999995,2,1
3539,2,23,292448,43,76.89999968,2,1
3539,2,23,65060,7,14.5200001,1,1
3539,2,23,133316,21,36.17000055,2,0
3539,2,24,113501,26,38.44000077,5,1
3539,2,24,192810,41,61.92999995,4,1
3539,2,1,233404,43,70.4100008,2,1
3539,2,1,128843,24,37.5999999,2,0
3539,2,1,63564,12,20.59000027,2,0
3539,2,1,85970,14,24.78000021,1,1
3539,2,2,131232,16,29.53999937,1,1
3539,2,2,152454,22,37.84999979,1,1
3539,2,2,28989,2,2.290000021,1,0
3539,2,25,80248,15,24.1900003,1,1
3539,2,25,38580,5,8.519999981,1,0
4044,2,3,621591,91,163.36,5,1
4044,2,3,250499,36,58.14000005,3,1
4044,2,3,131637,18,29.30999982,2,1
4044,2,3,463813,69,116.3399996,4,1
4044,2,3,211767,35,60.89999914,5,1
4044,2,4,163181,26,40.02000093,1,1
4044,2,5,1117385,147,260.0699984,11,1
4044,2,5,1663441,205,359.4700001,17,1
4044,2,5,455248,54,105.7099996,5,1
4044,2,5,75589,6,10.66000009,1,1
4044,2,5,594267,82,143.3000009,3,1
4044,2,5,315281,35,65.02999854,1,0
4044,2,7,363456,71,117.5599997,7,1
4044,2,7,438983,81,143.4300001,3,1
4044,2,7,42563,5,9.659999847,1,1
4044,2,8,399035,75,124.7999995,7,1
4044,2,8,304680,59,98.55000019,3,0
4044,2,8,140596,23,40.77000022,1,0
4044,2,8,439986,80,134.8799999,4,1
4044,2,8,75803,11,19.3599999,2,1
4044,2,9,7073,0,0,1,0
4044,2,10,153586,28,43.01000035,2,0
4044,2,10,180815,31,42.62999976,1,0
4044,2,10,253169,51,75.78999984,1,0
4044,2,10,34453,5,7.710000038,1,1
4044,2,11,51550,8,14.03999984,1,0
4044,2,11,110018,24,39.85999966,1,0
4044,2,12,137584,21,36.77999961,1,0
4044,2,12,209825,30,54.86999953,1,0
4044,2,13,264222,63,87.7899996,1,1
4044,2,14,31202,5,6.730000019,1,0
4044,2,15,252991,49,76.83999932,3,0
4044,2,15,56265,9,15.53999972,1,0
4044,2,17,76923,11,17.67000008,2,1
4044,2,17,209332,30,49.60000014,3,1
4044,2,17,214094,31,53.26999903,1,0
4044,2,17,526209,85,126.9299996,3,1
4044,2,17,741143,120,179.620001,4,1
4044,2,17,172827,25,38.42000043,2,0
4044,2,18,188873,38,58.5999999,1,1
4044,2,18,123126,25,39.72999978,2,1
4044,2,19,77794,14,19.11000001,1,1
4044,2,20,56630,9,15.81000018,1,1
4044,2,20,400844,85,140.9700022,4,1
4044,2,20,208572,36,60.76000023,2,1
4044,2,21,59004,8,13.51000011,1,0
4044,2,21,196253,32,55.10000002,1,0
4044,2,22,51858,8,12.63000011,1,1
4044,2,22,280764,49,81.36000025,2,1
4044,2,23,63660,11,16.47000003,1,1
4044,2,23,109289,19,31.02999997,1,0
4044,2,24,188440,40,60.72999966,2,1
4044,2,1,212496,44,74.83000135,2,1
4044,2,1,32574,5,7.480000019,1,0
4044,2,1,128595,23,36.4800005,1,1
4044,2,2,242234,48,68.06000054,2,0
4044,2,25,33154,5,7.879999995,1,1
4044,2,25,9773,1,1.460000038,1,0
4549,2,3,464036,77,123.5500004,3,1
4549,2,3,478480,75,135.7500012,3,1
4549,2,3,428812,66,116.8800001,4,1
4549,2,3,1177535,221,365.6600009,15,1
4549,2,3,426500,72,128.2799988,4,1
4549,2,4,54237,7,10.77999985,2,1
4549,2,4,506916,89,133.6999986,2,1
4549,2,4,250960,42,64.87999952,2,0
4549,2,5,2286228,353,603.380002,16,1
4549,2,5,915451,125,220.559999,6,1
4549,2,5,159478,20,33.89999998,3,1
4549,2,5,1228924,190,318.9700032,6,1
4549,2,5,938283,134,248.6400001,7,1
4549,2,6,154572,26,40.93000007,1,1
4549,2,6,378171,70,109.2500008,1,0
4549,2,6,468749,84,134.1199975,6,1
4549,2,7,309823,60,103.3899996,4,1
4549,2,7,327227,65,116.5599996,5,0
4549,2,7,334945,72,120.2999994,2,1
4549,2,7,68859,15,25.45999968,1,0
4549,2,8,127125,20,35.67999983,2,0
4549,2,8,415798,80,131.7800006,3,1
4549,2,8,107671,20,29.91000021,1,1
4549,2,8,164356,28,46.7900002,2,1
4549,2,8,17662,2,3.189999938,1,0
4549,2,9,65339,10,16.67999983,2,0
4549,2,9,59838,7,11.11000013,1,0
4549,2,9,381577,81,127.5699993,2,0
4549,2,10,45491,8,11.00999999,1,0
4549,2,11,18946,2,3.599999905,1,0
4549,2,11,114370,18,33.65999997,1,0
4549,2,11,99698,21,33.3499999,1,0
4549,2,12,355165,81,128.6099997,4,1
4549,2,13,101431,23,33.93000031,1,1
4549,2,13,123151,24,36.4400003,2,1
4549,2,14,24078,4,5.769999981,1,0
4549,2,15,517801,105,181.7200011,3,0
4549,2,15,145104,25,41.42000008,2,1
4549,2,15,179950,35,58.67999971,1,0
4549,2,15,258531,46,80.33999979,2,0
4549,2,15,272500,62,104.4599996,3,0
4549,2,16,273197,57,87.7300005,3,0
4549,2,16,775904,172,253.990002,4,1
4549,2,16,120251,26,39.44000006,1,0
4549,2,16,139406,24,39.04999948,1,0
4549,2,16,60314,11,16.93999958,2,1
4549,2,17,563074,86,142.7099985,4,1
4549,2,17,168655,18,27.29999983,2,0
4549,2,17,111963,17,29.3799994,2,1
4549,2,17,1026304,168,277.5799986,17,1
4549,2,17,1391924,258,422.8400038,17,1
4549,2,17,147551,22,38.50000083,1,0
4549,2,19,66794,9,17.3299998,1,1
4549,2,19,118882,19,32.30999994,2,1
4549,2,19,148010,24,41.96999943,1,0
4549,2,20,932890,197,352.4499989,3,1
4549,2,20,718359,147,264.5899997,4,1
4549,2,20,433658,82,158.5999998,5,1
4549,2,20,29455,3,4.769999981,1,0
4549,2,21,23973,3,4.820000052,1,1
4549,2,22,126480,25,37.25999999,1,1
4549,2,22,138959,28,39.5200007,1,0
4549,2,22,68829,12,19.47999978,1,0
4549,2,23,49916,10,16.38,1,1
4549,2,24,76014,16,22.67000031,1,1
4549,2,1,50947,10,15.99000025,1,0
4549,2,25,55536,11,17.04999995,1,0
3034,1,3,318042,46,64.40999997,8,1
3034,1,3,213016,30,44.21999955,8,1
3034,1,4,182265,27,38.18000007,2,1
3034,1,4,1117371,177,268.050002,26,1
3034,1,4,333345,52,77.59000027,5,1
3034,1,5,275930,30,46.77999997,5,1
3034,1,5,740631,101,153.1199975,9,1
3034,1,5,328272,35,55.99000025,2,1
3034,1,5,178455,20,31.5400002,6,1
3034,1,5,705712,98,147.339999,6,1
3034,1,6,690373,91,159.5700021,5,1
3034,1,6,515812,69,117.6299995,3,1
3034,1,6,764793,101,171.9799976,4,1
3034,1,7,87832,11,18.10000038,1,1
3034,1,7,23368,3,4.300000191,1,0
3034,1,7,51509,7,11.57000005,1,0
3034,1,7,87043,16,24.48000002,2,0
3034,1,7,565565,113,169.6699982,7,1
3034,1,8,253758,43,62.14000034,4,1
3034,1,8,319131,51,76.68000025,6,1
3034,1,8,670608,130,195.1499978,11,1
3034,1,9,159123,25,38.36000013,5,1
3034,1,9,103709,15,24.56999969,3,1
3034,1,9,271589,45,74.41000032,9,1
3034,1,9,119772,20,33.46999907,5,1
3034,1,10,26340,3,4.220000029,1,1
3034,1,10,594968,111,147.6700006,4,0
3034,1,11,6838,0,0,1,0
3034,1,12,185665,39,62.14000058,1,0
3034,1,12,24959,3,4.560000062,1,1
3034,1,12,136967,23,35.05999982,3,1
3034,1,12,107548,19,29.31000018,1,0
3034,1,13,588617,119,169.9199973,2,0
3034,1,14,190560,26,41.63,3,1
3034,1,14,373110,49,75.70000076,4,1
3034,1,15,935646,170,256.4699982,19,1
3034,1,15,2223278,421,612.3000032,38,1
3034,1,15,240497,36,51.84000087,1,0
3034,1,15,259984,37,54.7900002,5,0
3034,1,16,606786,127,179.050001,11,1
3034,1,16,83270,13,17.74000001,1,0
3034,1,16,1189509,268,375.7199963,7,1
3034,1,16,11471,1,1.570000052,0,0
3034,1,17,1705246,295,429.4799981,23,1
3034,1,17,418016,63,95.8500005,3,1
3034,1,17,30155,3,3.819999933,1,0
3034,1,17,990404,153,226.5399992,12,1
3034,1,18,187468,34,50.72000062,2,1
3034,1,18,208301,33,54.57000089,1,0
3034,1,18,101856,16,25.22000039,4,1
3034,1,19,48935,7,9.970000267,1,1
3034,1,19,13911,1,1.730000019,1,1
3034,1,20,511726,77,123.0900019,8,1
3034,1,20,177452,24,37.83000016,2,0
3034,1,20,149808,20,33.03999937,1,1
3034,1,20,390339,60,105.0199997,9,1
3034,1,20,8350,0,0,1,0
3034,1,21,39339,4,5.929999948,1,0
3034,1,22,8587,0,0,1,0
3034,1,22,24893,2,3.75,1,0
3034,1,22,1296189,212,343.2599944,14,1
3034,1,22,91607,12,19.1899997,2,1
3034,1,23,238036,38,61.02999771,6,1
3034,1,23,254344,35,56.16999996,2,1
3034,1,23,157705,23,39.23000026,2,0
3034,1,23,411571,60,99.1799984,6,1
3034,1,23,94136,11,16.17999971,1,0
3034,1,24,82640,16,23.97000039,1,1
3034,1,24,17870,2,2.620000005,1,1
3034,1,1,19178,2,2.779999971,1,1
3034,1,1,5264,0,0,1,0
3034,1,1,145548,28,42.37000036,2,1
3034,1,1,82455,15,22.04999971,1,0
3034,1,2,44189,7,10.31999981,2,0
3034,1,2,45199,7,9.809999943,1,0
3034,1,2,221843,43,63.45000076,5,0
3034,1,25,41672,6,10.54999995,2,1
3539,1,3,127546,25,38.94000041,2,0
3539,1,3,127865,28,38.02999961,3,1
3539,1,3,1025327,229,314.2999983,16,1
3539,1,3,561415,124,173.76,3,0
3539,1,4,132803,25,37.32000124,2,1
3539,1,4,24664,2,2.629999995,1,1
3539,1,5,1020561,172,263.8100007,7,1
3539,1,5,682143,114,177.1099993,6,1
3539,1,5,1247717,222,343.4199994,11,1
3539,1,5,146406,23,33.22999942,1,1
3539,1,5,905699,161,234.6599982,4,1
3539,1,5,1184580,194,297.8299981,14,1
3539,1,6,98057,20,31.00999963,1,1
3539,1,7,238735,56,84.65999889,4,1
3539,1,7,320657,77,115.8800026,2,0
3539,1,9,244074,57,84.51000023,4,1
3539,1,9,39146,8,13.05999959,1,0
3539,1,10,78468,15,23.64999962,1,0
3539,1,10,325653,63,89.35000026,2,0
3539,1,10,66277,12,17.30000019,1,0
3539,1,10,93002,16,23.33999968,1,0
3539,1,12,109723,27,40.9600004,1,0
3539,1,12,118941,35,50.11000001,4,1
3539,1,13,221576,47,66.79000068,6,1
3539,1,13,8341,1,1.639999986,1,0
3539,1,13,120335,26,36.2299993,2,0
3539,1,14,182098,40,62.86999989,1,1
3539,1,14,227473,52,71.58000052,1,1
3539,1,15,1050947,230,350.5099957,6,1
3539,1,15,720859,162,213.6899986,13,1
3539,1,16,41111,8,10.96000016,1,0
3539,1,17,148616,25,37.39999962,6,1
3539,1,17,707260,135,210.8200028,13,1
3539,1,17,139596,26,42.41000032,1,1
3539,1,18,105399,22,33.19999933,2,0
3539,1,20,222378,50,72.91000104,1,0
3539,1,22,975792,210,293.8800011,10,1
3539,1,22,579150,125,167.0499997,5,1
3539,1,22,449588,81,123.800001,5,1
3539,1,22,318157,56,85.70000196,3,0
3539,1,22,196967,43,65.17999971,2,1
3539,1,23,158298,37,46.43000007,4,1
3539,1,23,222739,55,68.55999959,5,1
3539,1,1,20780,5,8.189999938,1,0
3539,1,2,128616,33,48.54999948,2,0
4044,1,3,258954,61,82.27999902,1,0
4044,1,3,205289,48,71.53000104,3,0
4044,1,3,611601,138,191.419996,8,1
4044,1,3,947657,233,321.8700004,8,1
4044,1,3,233043,49,65.03000033,2,0
4044,1,4,582725,142,194.8099988,9,1
4044,1,5,265038,51,78.45999932,2,1
4044,1,5,222273,39,53.62999868,6,1
4044,1,5,797234,170,243.7699978,4,1
4044,1,5,925555,182,262.8899981,4,1
4044,1,6,22210,3,4.050000191,1,1
4044,1,9,46391,11,16.40999985,3,1
4044,1,9,190477,42,66.38999987,1,0
4044,1,9,25382,7,9.609999895,1,0
4044,1,10,65726,17,22.12000012,2,0
4044,1,11,195220,51,78.06000042,1,0
4044,1,11,107501,27,40.87999928,2,1
4044,1,13,197772,63,88.21000016,7,1
4044,1,13,138154,35,48.93999863,1,0
4044,1,13,270124,69,95.84999895,2,0
4044,1,14,303971,77,106.9299998,11,1
4044,1,14,682046,183,254.419997,4,1
4044,1,14,328365,83,117.3400005,2,1
4044,1,15,1083259,276,390.2599992,11,0
4044,1,15,913929,245,340.4099993,7,1
4044,1,16,101586,24,33.47000039,2,1
4044,1,16,181053,46,66.27999985,3,1
4044,1,16,133419,35,48.18000007,2,1
4044,1,17,489573,113,156.1199993,3,1
4044,1,17,822023,194,288.3300035,6,0
4044,1,18,93176,29,40.37000024,1,1
4044,1,19,47229,13,19.27999985,1,0
4044,1,19,92263,24,34.03000015,1,0
4044,1,19,81551,21,29.67000008,1,0
4044,1,20,141037,32,47.78999913,3,0
4044,1,20,319501,79,111.6500003,0,0
4044,1,21,72741,19,24.33000016,2,0
4044,1,22,597419,135,188.5100002,2,1
4044,1,22,98768,21,33.14000034,1,1
4044,1,23,173165,41,59.85000026,1,0
4044,1,24,55823,13,21.10999966,1,1
4044,1,24,118451,28,38.35000062,4,1
4044,1,1,74424,22,30.84000027,1,1
4044,1,2,47929,12,14.58999991,1,1
4044,1,2,40801,12,15.91999972,0,0
4044,1,25,66017,17,24.22000015,1,0
4549,1,3,725043,179,238.4000007,5,1
4549,1,3,382776,97,132.7300007,5,1
4549,1,3,548250,137,201.6000042,5,1
4549,1,3,1358324,346,465.0799981,8,1
4549,1,4,662249,163,234.9399992,2,0
4549,1,4,559554,139,195.0799994,2,0
4549,1,5,320757,68,104.6899989,2,0
4549,1,5,906151,202,295.5499957,1,0
4549,1,5,699314,164,226.0300014,3,0
4549,1,5,850337,198,287.690003,3,1
4549,1,5,1015460,247,315.9000051,9,1
4549,1,6,890295,227,332.9899989,1,0
4549,1,6,791817,194,282.490001,4,1
4549,1,6,317601,76,115.6600008,1,0
4549,1,6,685211,164,247.3200026,4,1
4549,1,7,32781,7,11.20000017,2,1
4549,1,7,76785,19,25.45999998,3,0
4549,1,7,719083,206,299.5299983,12,1
4549,1,8,368480,107,140.4200011,5,1
4549,1,8,260945,73,100.8800011,2,1
4549,1,9,40998,10,13.35000038,1,0
4549,1,9,183293,53,73.74999964,2,1
4549,1,10,221561,55,76.75999916,1,0
4549,1,10,436943,109,145.8199974,1,1
4549,1,11,284488,90,125.2700011,1,1
4549,1,12,85083,32,38.62999976,1,1
4549,1,12,14167,5,7.139999986,1,0
4549,1,13,300637,84,116.9899981,2,0
4549,1,13,449921,129,175.9700005,5,1
4549,1,13,282899,71,105.6600007,1,0
4549,1,14,669671,186,259.1799988,4,1
4549,1,14,108655,28,46.92000186,1,0
4549,1,14,536248,146,187.7399978,3,0
4549,1,15,1055017,265,380.6599952,16,1
4549,1,15,1428421,367,541.7000023,10,0
4549,1,15,1088027,272,409.5600026,9,1
4549,1,16,288517,78,102.3900002,3,0
4549,1,16,202231,53,67.13000107,3,1
4549,1,16,73222,16,22.86000025,1,0
4549,1,16,348542,96,134.889999,2,0
4549,1,17,1097966,266,369.069997,16,1
4549,1,17,526923,138,198.0899972,2,1
4549,1,17,264386,66,91.00000054,4,1
4549,1,17,854940,227,297.9100007,8,1
4549,1,18,113567,34,50.29000044,3,0
4549,1,18,22859,6,9.419999838,1,0
4549,1,19,51754,13,20.51999998,1,0
4549,1,19,104347,28,38.13999993,4,1
4549,1,22,391998,97,142.0500025,3,1
4549,1,22,1111156,282,402.3000026,5,0
4549,1,22,427772,117,159.299999,3,1
4549,1,23,536457,136,193.6599991,2,1
4549,1,23,179894,43,66.83999872,2,0
4549,1,23,479882,131,178.6700007,6,0
4549,1,23,358261,91,130.3600011,1,0
4549,1,24,346688,88,114.8599998,2,0
3034,2,26,33445,2,3.199999928,1,0
3034,2,27,72228,5,7.529999852,4,1
3034,2,28,49699,2,2.690000057,2,1
3034,2,29,189761,18,27.32999969,4,1
3034,2,31,312524,37,53.78999972,2,0
3034,2,33,496760,42,61.00999904,10,1
3034,2,36,310988,34,46.66999936,11,1
3034,2,37,98606,9,12.10999984,1,0
3034,2,38,51104,2,3.199999928,3,1
3034,2,39,276762,22,32.09000015,5,1
3539,2,27,33534,2,2.960000038,1,1
3539,2,28,128859,16,23.69999957,1,0
3539,2,29,92080,12,16.94000018,3,1
3539,2,31,211882,33,46.64999926,3,1
3539,2,33,112776,9,12.67999995,1,0
3539,2,34,145324,14,19.82000005,2,1
3539,2,35,106492,14,21.26000023,2,0
3539,2,36,233845,30,40.73000062,3,0
3539,2,38,155426,17,25.01000023,3,0
3539,2,39,97540,8,11.5199995,2,1
3539,2,40,61441,5,7.700000048,1,0
4044,2,26,76703,9,12.14999962,3,1
4044,2,27,68619,10,14.96000034,1,0
4044,2,30,17559,1,1.49000001,1,1
4044,2,31,137879,19,28.47000003,2,0
4044,2,32,67710,10,15.14999998,1,0
4044,2,33,348180,41,60.22999907,3,1
4044,2,34,146246,18,28.71999955,3,1
4044,2,36,187236,24,34.86999965,2,1
4044,2,37,72157,9,13.50000036,1,1
4044,2,38,91180,10,13.55999994,1,0
4044,2,39,86293,6,9.259999871,1,1
4549,2,26,101410,12,17.94000006,4,0
4549,2,28,134245,18,25.75000024,2,1
4549,2,30,125650,20,30.08000076,4,0
4549,2,31,50406,5,7.26000011,1,1
4549,2,33,121769,13,18.41999996,2,1
4549,2,34,267106,34,50.5,4,1
4549,2,35,365539,57,82.13999915,5,1
4549,2,36,188758,25,36.60000038,2,1
4549,2,38,108426,13,19.58000016,1,0
4549,2,39,138525,9,13.65000045,3,0
4549,2,40,150858,21,30.26000011,1,0
3034,1,27,524306,81,113.6800029,10,1
3034,1,28,104496,9,11.42999983,3,1
3034,1,29,452519,68,99.52000237,7,1
3034,1,30,442919,76,110.7800021,21,1
3034,1,31,596831,86,120.8799992,11,0
3034,1,32,173912,26,35.54000032,2,1
3034,1,33,780967,86,119.6400018,20,1
3034,1,34,132124,8,11.18999994,4,0
3034,1,35,623137,100,138.9200006,12,1
3034,1,36,99020,10,14.48000044,4,1
3034,1,37,665817,117,163.8000002,23,1
3034,1,38,699232,80,111.9899995,12,1
3539,1,26,72982,11,15.04999995,1,0
3539,1,27,975884,167,237.3199975,14,1
3539,1,28,245607,33,47.87999952,3,1
3539,1,32,485369,114,164.6400015,3,0
3539,1,33,866355,139,200.8299961,11,1
3539,1,34,502710,72,105.2199969,8,1
3539,1,35,475184,88,127.3200028,4,1
3539,1,36,357401,47,68.67000008,8,1
3539,1,37,99810,14,20.05000019,2,0
3539,1,38,81569,6,9.409999967,3,1
3539,1,39,441192,53,77.59999979,6,1
3539,1,40,90470,11,16.73000002,1,1
4044,1,26,834243,166,246.7499975,18,1
4044,1,27,696612,152,223.1899948,31,1
4044,1,28,329333,48,67.60999918,1,0
4044,1,29,1114711,224,319.0000019,6,0
4044,1,30,267316,58,82.92999887,3,0
4044,1,31,228629,38,57,2,0
4044,1,32,758340,159,233.110002,13,1
4044,1,33,877535,149,217.7799966,5,1
4044,1,34,1357386,223,323.0600071,10,1
4044,1,35,280240,61,87.99000168,2,1
4044,1,36,419922,75,105.4500008,3,1
4044,1,37,402975,83,120.8999977,1,0
4044,1,38,1137635,211,301.0499992,30,1
4044,1,40,250234,40,62.31999922,4,1
4549,1,26,904907,195,279.219995,11,1
4549,1,27,589270,107,158.0500023,10,1
4549,1,28,168714,24,36.01000071,2,1
4549,1,29,71982,11,16.34000051,1,0
4549,1,30,558666,110,162.6399975,14,1
4549,1,31,1118200,235,333.7499943,11,1
4549,1,32,107100,23,33.71000051,1,0
4549,1,33,877769,160,232.5900005,13,1
4549,1,34,212508,33,47.69000006,4,1
4549,1,35,1129773,252,358.189997,13,1
4549,1,36,637549,120,173.8800035,3,0
4549,1,37,151531,28,40.28999949,2,0
4549,1,39,790253,135,198.7100005,8,1
4549,1,40,513161,114,165.6099987,5,1
